-- Insert data into Venu table
INSERT INTO Venu (venue_id, venue_name, address) VALUES
(1, 'Wembley Stadium', 'London, UK'),
(2, 'Madison Square Garden', 'New York, USA'),
(3, 'Sydney Opera House', 'Sydney, Australia'),
(4, 'Staples Center', 'Los Angeles, USA'),
(5, 'Yankee Stadium', 'New York, USA'),
(6, 'The O2 Arena', 'London, UK'),
(7, 'Saitama Super Arena', 'Saitama, Japan'),
(8, 'Estadio Azteca', 'Mexico City, Mexico'),
(9, 'Allianz Arena', 'Munich, Germany'),
(10, 'Santiago Bernabeu Stadium', 'Madrid, Spain'),
(11, 'Maracanã Stadium', 'Rio de Janeiro, Brazil'),
(12, 'Rose Bowl Stadium', 'Los Angeles, USA'),
(13, 'Melbourne Cricket Ground', 'Melbourne, Australia'),
(14, 'Camp Nou', 'Barcelona, Spain'),
(15, 'AT&T Stadium', 'Dallas, USA'),
(16, 'National Stadium', 'Beijing, China'),
(17, 'Principality Stadium', 'Cardiff, UK'),
(18, 'Rogers Centre', 'Toronto, Canada'),
(19, 'Mercedes-Benz Stadium', 'Atlanta, USA'),
(20, 'Gelora Bung Karno Stadium', 'Jakarta, Indonesia'),
(21, 'Olympiastadion', 'Berlin, Germany'),
(22, 'FNB Stadium', 'Johannesburg, South Africa'),
(23, 'Nissan Stadium', 'Nashville, USA'),
(24, 'MCG', 'Melbourne, Australia'),
(25, 'Stade de France', 'Saint-Denis, France'),
(26, 'Bukit Jalil National Stadium', 'Kuala Lumpur, Malaysia'),
(27, 'Twickenham Stadium', 'London, UK'),
(28, 'King Fahd Stadium', 'Riyadh, Saudi Arabia'),
(29, 'AT&T Park', 'San Francisco, USA'),
(30, 'Singapore National Stadium', 'Singapore'),
(31, 'Optus Stadium', 'Perth, Australia'),
(32, 'Lambeau Field', 'Green Bay, USA'),
(33, 'Suncorp Stadium', 'Brisbane, Australia'),
(34, 'Estadio Monumental', 'Lima, Peru'),
(35, 'Fisht Olympic Stadium', 'Sochi, Russia'),
(36, 'Stamford Bridge', 'London, UK'),
(37, 'Croke Park', 'Dublin, Ireland'),
(38, 'Aviva Stadium', 'Dublin, Ireland'),
(39, 'Veltins-Arena', 'Gelsenkirchen, Germany'),
(40, 'Estadio BBVA', 'Monterrey, Mexico');

-- Insert data into Event table
INSERT INTO Event (event_id, event_name, event_date, event_time, venue_id, total_seats, available_seats, ticket_price, event_type, booking_id) VALUES
(1, 'UEFA Champions League Final', '2024-05-29', '20:00:00', 1, 90000, 85000, 200.00, 'Sports', NULL),
(2, 'Super Bowl', '2024-02-04', '18:30:00', 15, 70000, 68000, 500.00, 'Sports', NULL),
(3, 'Coachella Music Festival', '2024-04-12', '12:00:00', 2, 125000, 120000, 350.00, 'Concert', NULL),
(4, 'Wimbledon Men''s Final', '2024-07-14', '14:00:00', 17, 15000, 14000, 150.00, 'Sports', NULL),
(5, 'Academy Awards', '2024-02-25', '17:00:00', 5, 3000, 2800, 1000.00, 'Concert', NULL),
(6, 'World Cup Final', '2024-12-15', '20:00:00', 11, 100000, 95000, 300.00, 'Sports', NULL),
(7, 'Glastonbury Festival', '2024-06-28', '12:00:00', 1, 135000, 130000, 250.00, 'Concert', NULL),
(8, 'US Open Tennis Men''s Final', '2024-09-08', '16:00:00', 22, 22000, 20000, 180.00, 'Sports', NULL),
(9, 'Comic-Con International', '2024-07-18', '10:00:00', 29, 150000, 148000, 120.00, 'Concert', NULL),
(10, 'Summer Olympics Opening Ceremony', '2024-07-19', '20:00:00', 30, 80000, 78000, 400.00, 'Sports', NULL),
(11, 'Australian Open Women''s Final', '2024-01-27', '15:00:00', 31, 18000, 17000, 200.00, 'Sports', NULL),
(12, 'Bonnaroo Music Festival', '2024-06-13', '12:00:00', 3, 80000, 75000, 150.00, 'Concert', NULL),
(13, 'Tour de France Final Stage', '2024-07-21', '14:00:00', 21, 10000, 9500, 80.00, 'Sports', NULL),
(14, 'EDC Las Vegas', '2024-05-17', '18:00:00', 13, 160000, 155000, 300.00, 'Concert', NULL),
(15, 'FIFA World Cup Final', '2024-12-01', '20:00:00', 11, 100000, 95000, 300.00, 'Sports', NULL),
(16, 'San Diego Comic-Con', '2024-07-20', '09:00:00', 29, 150000, 148000, 120.00, 'Concert', NULL),
(17, 'Indian Premier League Final', '2024-05-12', '19:00:00', 12, 50000, 48000, 250.00, 'Sports', NULL),
(18, 'Eurovision Song Contest Final', '2024-05-18', '21:00:00', 20, 15000, 14000, 200.00, 'Concert', NULL),
(19, 'NBA Finals Game 7', '2024-06-20', '20:30:00', 4, 21000, 20000, 350.00, 'Sports', NULL),
(20, 'Burning Man Festival', '2024-08-25', '12:00:00', 32, 80000, 75000, 300.00, 'Concert', NULL);

-- Insert data into Customer table
INSERT INTO Customer (customer_id, customer_name, email, phone_number, booking_id) VALUES
(1, 'John Doe', 'john.doe@example.com', '+1234567890', NULL),
(2, 'Alice Smith', 'alice.smith@example.com', '+1987654321', NULL),
(3, 'Bob Johnson', 'bob.johnson@example.com', '+1122334455', NULL),
(4, 'Emily Brown', 'emily.brown@example.com', '+1443322110', NULL),
(5, 'Michael Wilson', 'michael.wilson@example.com', '+1555666777', NULL),
(6, 'Jennifer Davis', 'jennifer.davis@example.com', '+1777333444', NULL),
(7, 'Christopher Taylor', 'christopher.taylor@example.com', '+1888999900', NULL),
(8, 'Jessica Martinez', 'jessica.martinez@example.com', '+1999888777', NULL),
(9, 'David Anderson', 'david.anderson@example.com', '+1555222233', NULL),
(10, 'Sarah Garcia', 'sarah.garcia@example.com', '+1222111333', NULL),
(11, 'Matthew Hernandez', 'matthew.hernandez@example.com', '+1999111222', NULL),
(12, 'Laura Lopez', 'laura.lopez@example.com', '+1444777999', NULL),
(13, 'William Gonzalez', 'william.gonzalez@example.com', '+1333666999', NULL),
(14, 'Samantha Perez', 'samantha.perez@example.com', '+1888333666', NULL),
(15, 'Daniel Wilson', 'daniel.wilson@example.com', '+1222333444', NULL),
(16, 'Olivia Miller', 'olivia.miller@example.com', '+1333222111', NULL),
(17, 'James Brown', 'james.brown@example.com', '+1777555444', NULL),
(18, 'Charlotte Moore', 'charlotte.moore@example.com', '+1444555666', NULL),
(19, 'Benjamin Lee', 'benjamin.lee@example.com', '+1999777888', NULL),
(20, 'Amelia Taylor', 'amelia.taylor@example.com', '+1555999888', NULL),
(21, 'Ethan Jackson', 'ethan.jackson@example.com', '+1888555111', NULL),
(22, 'Mia White', 'mia.white@example.com', '+1222444111', NULL),
(23, 'Alexander Harris', 'alexander.harris@example.com', '+1888444222', NULL),
(24, 'Sophia Clark', 'sophia.clark@example.com', '+1999222333', NULL),
(25, 'Aiden Young', 'aiden.young@example.com', '+1222999333', NULL),
(26, 'Ava Scott', 'ava.scott@example.com', '+1444111999', NULL),
(27, 'Logan Green', 'logan.green@example.com', '+1777888999', NULL),
(28, 'Chloe Hall', 'chloe.hall@example.com', '+1999444555', NULL),
(29, 'Jackson King', 'jackson.king@example.com', '+1222888999', NULL),
(30, 'Penelope Adams', 'penelope.adams@example.com', '+1333444888', NULL),
(31, 'Lucas Wright', 'lucas.wright@example.com', '+1888333222', NULL),
(32, 'Madison Hughes', 'madison.hughes@example.com', '+1222333999', NULL),
(33, 'Evelyn Nelson', 'evelyn.nelson@example.com', '+1444666333', NULL),
(34, 'Jack Walker', 'jack.walker@example.com', '+1999666888', NULL),
(35, 'Grace Hill', 'grace.hill@example.com', '+1555444777', NULL),
(36, 'Gabriel Young', 'gabriel.young@example.com', '+1888777555', NULL),
(37, 'Lily Cook', 'lily.cook@example.com', '+1222444333', NULL),
(38, 'Owen Murphy', 'owen.murphy@example.com', '+1333999111', NULL),
(39, 'Zoe Carter', 'zoe.carter@example.com', '+1444888999', NULL),
(40, 'Connor Rivera', 'connor.rivera@example.com', '+1888444777', NULL);

-- Insert data into Booking table
INSERT INTO Booking (booking_id, customer_id, event_id, num_tickets, total_cost, booking_date) VALUES
(1, 1, 1, 2, 400.00, '2024-05-15'),
(2, 2, 2, 4, 2000.00, '2024-01-30'),
(3, 3, 3, 3, 1050.00, '2024-04-08'),
(4, 4, 4, 1, 150.00, '2024-07-10'),
(5, 5, 5, 2, 2000.00, '2024-02-20'),
(6, 6, 6, 2, 600.00, '2024-11-20'),
(7, 7, 7, 5, 1250.00, '2024-06-20'),
(8, 8, 8, 3, 540.00, '2024-08-30'),
(9, 9, 9, 6, 720.00, '2024-07-16'),
(10, 10, 10, 2, 800.00, '2024-07-15'),
(11, 11, 11, 4, 800.00, '2024-01-20'),
(12, 12, 12, 3, 450.00, '2024-06-10'),
(13, 13, 13, 2, 160.00, '2024-07-19'),
(14, 14, 14, 3, 900.00, '2024-05-10'),
(15, 15, 15, 4, 1200.00, '2024-11-28'),
(16, 16, 16, 5, 600.00, '2024-07-18'),
(17, 17, 17, 2, 500.00, '2024-05-08'),
(18, 18, 18, 4, 800.00, '2024-05-15'),
(19, 19, 19, 3, 1050.00, '2024-06-10'),
(20, 20, 20, 2, 600.00, '2024-08-20');